{"cameraMode":{"drawMode":0,"name":"Shaded","section":"Shading Mode"},"sceneLighting":true,"audioPlay":false,"sceneViewState":{"showFog":false,"showMaterialUpdate":false,"showSkybox":false,"showFlares":false,"showImageEffects":false,"showParticleSystems":false},"in2DMode":false,"pivot":{"x":1.7610034942626954,"y":-0.5024541616439819,"z":13.626367568969727},"rotation":{"x":-0.004499230068176985,"y":-0.020998844876885415,"z":0.00009448447963222861,"w":-0.999769389629364},"size":20.483905792236329,"orthographic":false}