{"cameraMode":{"drawMode":0,"name":"Shaded","section":"Shading Mode"},"sceneLighting":true,"audioPlay":false,"sceneViewState":{"showFog":false,"showMaterialUpdate":false,"showSkybox":false,"showFlares":false,"showImageEffects":false,"showParticleSystems":false},"in2DMode":false,"pivot":{"x":6.003184795379639,"y":1.1843199729919434,"z":12.157319068908692},"rotation":{"x":-0.08688995242118836,"y":-0.0029886621050536634,"z":0.00026066898135468364,"w":-0.996213436126709},"size":32.52814865112305,"orthographic":false}